timestamp,level,service,message
2026-02-13T03:22:32.276489,WARN,payment,Cache hit
2026-02-13T03:22:32.477099,INFO,payment,User login
2026-02-13T03:22:32.678007,INFO,auth,Cache hit
2026-02-13T03:22:32.878613,WARN,payment,User login
2026-02-13T03:22:33.079529,INFO,search,Cache hit
2026-02-13T03:22:33.280873,INFO,payment,Request OK
2026-02-13T03:22:33.481966,INFO,search,Cache hit
2026-02-13T03:22:33.682831,INFO,search,Cache hit
2026-02-13T03:22:33.883553,INFO,search,Cache hit
2026-02-13T03:22:34.084718,WARN,auth,User login
2026-02-13T03:22:34.285444,INFO,search,Request OK
2026-02-13T03:22:34.486336,INFO,search,User login
2026-02-13T03:22:34.687415,INFO,orders,User login
2026-02-13T03:22:34.888931,INFO,auth,User login
2026-02-13T03:22:35.090006,INFO,orders,Request OK
2026-02-13T03:22:35.290839,INFO,payment,Cache hit
2026-02-13T03:22:35.492126,INFO,search,Cache hit
2026-02-13T03:22:35.692958,INFO,auth,Request OK
2026-02-13T03:22:35.894347,INFO,orders,User login
2026-02-13T03:22:36.095551,WARN,payment,Cache hit
2026-02-13T03:22:36.296530,INFO,search,Request OK
2026-02-13T03:22:36.497678,INFO,auth,Cache hit
2026-02-13T03:22:36.698523,INFO,payment,User login
2026-02-13T03:22:36.899583,INFO,orders,Request OK
2026-02-13T03:22:37.100643,INFO,orders,Request OK
2026-02-13T03:22:37.301523,WARN,search,Request OK
2026-02-13T03:22:37.502409,INFO,payment,User login
2026-02-13T03:22:37.703805,INFO,payment,Cache hit
2026-02-13T03:22:37.904670,WARN,auth,Cache hit
2026-02-13T03:22:38.105781,INFO,auth,User login
2026-02-13T03:22:38.306549,INFO,payment,Request OK
2026-02-13T03:22:38.507386,INFO,auth,Request OK
2026-02-13T03:22:38.707943,INFO,orders,User login
2026-02-13T03:22:38.909311,INFO,orders,Request OK
2026-02-13T03:22:39.110443,INFO,payment,User login
2026-02-13T03:22:39.311549,WARN,payment,Request OK
2026-02-13T03:22:39.512422,INFO,orders,User login
2026-02-13T03:22:39.713235,ERROR,orders,DB failure
2026-02-13T03:22:39.914243,INFO,search,Cache hit
2026-02-13T03:22:40.115286,WARN,auth,Cache hit
2026-02-13T03:22:40.316091,INFO,search,Cache hit
2026-02-13T03:22:40.516746,INFO,auth,Request OK
2026-02-13T03:22:40.717529,INFO,orders,Cache hit
2026-02-13T03:22:40.918239,INFO,auth,Cache hit
2026-02-13T03:22:41.118724,ERROR,auth,Null pointer
2026-02-13T03:22:41.319512,ERROR,search,DB failure
2026-02-13T03:22:41.520598,INFO,search,Cache hit
2026-02-13T03:22:41.721433,INFO,orders,User login
2026-02-13T03:22:41.922231,INFO,orders,Request OK
2026-02-13T03:22:42.123075,INFO,auth,Request OK
2026-02-13T03:22:42.323987,INFO,search,Cache hit
2026-02-13T03:22:42.525535,INFO,search,User login
2026-02-13T03:22:42.726504,WARN,search,User login
2026-02-13T03:22:42.927919,INFO,payment,Cache hit
2026-02-13T03:22:43.129477,INFO,orders,Request OK
2026-02-13T03:22:43.330181,INFO,auth,User login
2026-02-13T03:22:43.531211,INFO,payment,Request OK
2026-02-13T03:22:43.732053,INFO,payment,Request OK
2026-02-13T03:22:43.932690,INFO,search,User login
2026-02-13T03:22:44.133587,INFO,auth,User login
2026-02-13T03:22:44.334529,INFO,search,Cache hit
2026-02-13T03:22:44.535262,INFO,auth,User login
2026-02-13T03:22:44.736188,INFO,search,User login
2026-02-13T03:22:44.937177,INFO,auth,User login
2026-02-13T03:22:45.138514,INFO,search,User login
2026-02-13T03:22:45.339359,ERROR,orders,Null pointer
2026-02-13T03:22:45.540245,INFO,payment,Request OK
2026-02-13T03:22:45.741259,WARN,payment,User login
2026-02-13T03:22:45.942113,INFO,payment,Cache hit
2026-02-13T03:22:46.142794,INFO,payment,Request OK
2026-02-13T03:22:46.343746,INFO,auth,Cache hit
2026-02-13T03:22:46.544792,INFO,auth,Request OK
2026-02-13T03:22:46.745810,INFO,auth,Request OK
2026-02-13T03:22:46.946626,WARN,auth,Cache hit
2026-02-13T03:22:47.147667,INFO,search,Request OK
2026-02-13T03:22:47.348605,INFO,orders,Cache hit
